epoch, loss, accuracy, val_loss, val_accuracy
2, 0.9627611637115479, 76.65884399414062, 0.5289424657821655, 87.16838073730469
