epoch, loss, accuracy, val_loss, val_accuracy
2, 1.011587381362915, 71.71795654296875, 0.5941393375396729, 84.81817626953125
